https://www.bpmco.com/property/1827-arapahoe-ave/,House (1827),4,3,Location:1827 Arapahoe Ave.,Neighborhood:North of Campus,Pets:No Pets,Zoning:4,4950
https://www.bpmco.com/property/1829-arapahoe-ave/,House (1829),4,2,Location:1829 Arapahoe Ave.,Neighborhood:North of Campus,Pets:No Pets,Zoning:4,4595
https://www.bpmco.com/property/1843-arapahoe-ave/,Unit #2 (Apartment),1,1,Location:1843 Arapahoe Ave.,Neighborhood:North of Campus,Pets:No Pets,Zoning:2-4,1495
https://www.bpmco.com/property/1850-folsom-st-1005/,1850 Folsom St. #1005,2,2,Location:1850 Folsom St #1005,Neighborhood:North of Campus,Pets:No Pets,Zoning:4,3100
https://www.bpmco.com/property/1900-aurora-ave/,1900 Aurora Ave.,2,1,Location:1900 Aurora,Neighborhood:West of Campus (The Hill),Pets:No Pets,Zoning:4,2470
https://www.bpmco.com/property/2025-grape-ave/,2025 Grape Ave,3,5,Location:2025 Grape Ave,Neighborhood:North of Campus,Pets:Negotiable,Zoning:3,3195
https://www.bpmco.com/property/1889-cascade-ave/,1889 Cascade Ave,4,4,Location:1889 Cascade Ave,Neighborhood:West of Campus (The Hill),Pets:No Pets,Zoning:4,5710
https://www.bpmco.com/property/1828-arapahoe-ave/,Unit #2A (1828),1,1,Location:1828 Arapahoe,Neighborhood:North of Campus,Pets:No Pets,Zoning:2-4,1425
https://www.bpmco.com/property/1912-arapahoe-ave/,Unit #2,4,3,Location:1912 Arapahoe Ave,Neighborhood:North of Campus,Pets:No Pets,Zoning:4,5835
https://www.bpmco.com/property/2830-e-college-ave/,Unit #105,3,2,Location:2830 E. College Ave,Neighborhood:East of Campus,Pets:Negotiable,Zoning:4,3225
https://www.bpmco.com/property/winchester-apartments-boulder-2975-e-college-ave/,Unit #17,1,1,Location:2975 E. College,Neighborhood:East of Campus,Pets:No Pets,Zoning:2,1295
https://www.bpmco.com/property/1920-19th-st/,Unit #01,1,1,Location:1920 19th St.,Neighborhood:North of Campus,Pets:Negotiable,Zoning:2-4,1645
https://www.bpmco.com/property/2850-aurora-ave/,Unit #306,1,1,Location:2850 Aurora Ave.,Neighborhood:East of Campus,Pets:No Pets,Zoning:4,1450
https://www.bpmco.com/property/2944-glenwood-dr/,2944 Glenwood Dr.,2,5,Location:2944 Glenwood Dr.,Neighborhood:North of Campus,Pets:No Pets,Zoning:4,2280
https://www.bpmco.com/property/2867-sundown-lane/,#206,1,1,Location:2867 Sundown Lane,Neighborhood:East of Campus,Pets:No Pets,Zoning:2,1550
https://www.bpmco.com/property/25-s-36th-st/,House (25),6,4,Location:25 S. 36th St.,Neighborhood:South of Campus,Pets:Negotiable,Zoning:3,4790
https://www.bpmco.com/property/2955-e-college-ave/,Unit #129,1,1,Location:2955 E. College Ave.,Neighborhood:East of Campus,Pets:Cats Negotiable,Zoning:2-4,1335
https://www.bpmco.com/property/2800-kalmia-ave/,#302,2,2,Location:2800 Kalmia Ave,Neighborhood:North of Campus,Pets:Pets,Zoning:4,1995
https://www.bpmco.com/property/cute-4-bedroom-house-boulder-3005-denton-ave/,House,4,5,Location:3005 Denton Ave,Neighborhood:East of Campus,Pets:Negotiable,Zoning:3,3525
https://www.bpmco.com/property/2995-euclid-ave/,Unit #2,2,2,Location:2995 Euclid Ave,Neighborhood:East of Campus,Pets:Negotiable,Zoning:4,2450
https://www.bpmco.com/property/2461-20th-st/,2461 20th St.,2,1,Location:2461 20th St.,Neighborhood:North of Campus,Pets:Negotiable,Zoning:4,2075
https://www.bpmco.com/property/2707-valmont-rd/,Unit #B-104 Unit B-#104 Unit - B-#104,1,1,Location:2707 Valmont Rd.,Neighborhood:North of Campus,Pets:No Pets,Zoning:2,1295
https://www.bpmco.com/property/2892-shadow-creek-dr/,#110,1,1,Location:2892 Shadow Creek Dr,Neighborhood:East of Campus,Pets:No Pets,Zoning:2,1750
https://www.bpmco.com/property/3000-colorado-ave/,Building B - Unit #106,3,2,Location:3000 Colorado Ave.,Neighborhood:East of Campus,Pets:No Pets,Zoning:4,3300
https://www.bpmco.com/property/2459-20th-st/,2459 20th St.,2,1,Location:2459 20th St.,Neighborhood:North of Campus,Pets:Negotiable,Zoning:4,2075
https://www.bpmco.com/property/1636-9th-st/,House (1636),4,2,Location:1636 9th St.,Neighborhood:North of Campus,Pets:No Pets,Zoning:4,5060
https://www.bpmco.com/property/2927-broadway-st/,Unit #2,4,3,Location:2927 N. Broadway St.,Neighborhood:North of Campus,Pets:No Pets,Zoning:4,4200
https://www.bpmco.com/property/1815-canyon-blvd/,House (1815),3,2,Location:1815 Canyon Blvd.,Neighborhood:North of Campus,Pets:Negotiable,Zoning:4,3590
https://www.bpmco.com/property/winchester-apartments-boulder-2985-e-college-ave/,Unit #01,1,1,Location:2985 E. College Ave.,Neighborhood:East of Campus,Pets:No Pets,Zoning:2,1190
https://www.bpmco.com/property/1622-18th-st/,House (1622),4,2,Location:1622 18th St.,Neighborhood:North of Campus,Pets:No Pets,Zoning:4,5090
https://www.bpmco.com/property/1609-north-st/,1609 North St.,4,2,Location:1609 North St,Neighborhood:North of Campus,Pets:Pets,Zoning:3,3980
https://www.bpmco.com/property/1638-18th-st/,House (1638),5,3,Location:1638 18th St.,Neighborhood:North of Campus,Pets:No Pets,Zoning:4,5345
https://www.bpmco.com/property/1709-arapahoe-ave/,House (1709),4,2,Location:1709 Arapahoe Ave.,Neighborhood:North of Campus,Pets:Negotiable,Zoning:4,4045
https://www.bpmco.com/property/phoenix-apartments-boulder-2915-e-college/,Unit #112 (2915),1,1,Location:2915 E. College Ave.,Neighborhood:East of Campus,Pets:Negotiable,Zoning:2 or 4,1445
https://www.bpmco.com/property/1817-canyon-blvd/,House (1817),3,1,Location:1817 Canyon Blvd.,Neighborhood:North of Campus,Pets:Negotiable,Zoning:4,3120
https://www.bpmco.com/property/2905-e-college-ave/,Unit #101 (2905),1,1,Location:2905 E. College Ave.,Neighborhood:East of Campus,Pets:Negotiable,Zoning:2-4,1625
https://www.bpmco.com/property/1611-arapahoe-ave/,Main (1611),6,3,Location:1611 Arapahoe Ave.,Neighborhood:North of Campus,Pets:Negotiable,Zoning:6,6210
https://www.bpmco.com/property/733-marine-street/,Unit B,1,1,Location:733 Marine Street,Neighborhood:West of Campus (The Hill),Pets:No Pets,Zoning:4,1875
https://www.bpmco.com/property/1818-arapahoe-ave/,Unit #1A (1818),1,1,Location:1818 Arapahoe Ave.,Neighborhood:North of Campus,Pets:Negotiable,Zoning:2-4,1675
https://www.bpmco.com/property/1742-walnut-st/,Unit #3,1,1,Location:1742 Walnut St.,Neighborhood:North of Campus,Pets:No Pets,Zoning:4,1625
https://www.bpmco.com/property/741-19th-st/,House (741 19th St.),4,3,Location:741 19th St.,Neighborhood:West of Campus (The Hill),Pets:No Pets,Zoning:4,5440
https://www.bpmco.com/property/735-33rd-st/,House (735),3,2,Location:735 33rd St,Neighborhood:East of Campus,Pets:Negotiable,Zoning:3,3295
https://www.bpmco.com/property/735-marine-street/,Unit A,2,1,Location:735 Marine Street,Neighborhood:West of Campus (The Hill),Pets:No Pets,Zoning:4,2520
https://www.bpmco.com/property/737-marine-street/,Unit A,2,1,Location:737 Marine Street,Neighborhood:West of Campus (The Hill),Pets:No Pets,Zoning:4,2520
https://www.bpmco.com/property/730-30th-st/,Unit #A,2,1,Location:730 30th St.,Neighborhood:East of Campus,Pets:Negotiable,Zoning:4,2010
https://www.bpmco.com/property/739-marine-street/,Unit A,2,1,Location:739 Marine Street,Neighborhood:West of Campus (The Hill),Pets:No Pets,Zoning:4,2520
https://www.bpmco.com/property/743-19th-st/,House (743 19th St.),3,1,Location:743 19th St.,Neighborhood:West of Campus (The Hill),Pets:No Pets,Zoning:4,3900
https://www.bpmco.com/property/2895-e-college-ave/,Unit #07,1,1,Location:2895 E. College Ave.,Neighborhood:East of Campus,Pets:Negotiable,Zoning:2,1260
https://www.bpmco.com/property/746-19th-street/,746 19th,9,5,Location:746 19th St,Neighborhood:West of Campus (The Hill),Pets:No Pets,Zoning:9,12545
https://www.bpmco.com/property/802-university-ave/,Unit #B (Lower),2,1,Location:802 University Ave.,Neighborhood:West of Campus (The Hill),Pets:No Pets,Zoning:3,2530
https://www.bpmco.com/property/803-marine-st/,Unit #1,2,1,Location:803 Marine St,Neighborhood:West of Campus (The Hill),Pets:No Pets,Zoning:4,2590
https://www.bpmco.com/property/849-17th-st/,House (849),4,3,Location:849 17th St.,Neighborhood:West of Campus (The Hill),Pets:No Pets,Zoning:4,5380
https://www.bpmco.com/property/821-lincoln-place/,General,6,4,Location:821 Lincoln Place,Neighborhood:West of Campus (The Hill),Pets:No Pets,Zoning:6,8250
https://www.bpmco.com/property/spanish-towers-condo-boulder-co-805-29th-st/,#252,2,1,Location:805 29th St.,Neighborhood:East of Campus,Pets:No Pets,Zoning:4,2190
https://www.bpmco.com/property/gregory-creek-apartments-735-arapahoe-ave/,Unit #102,2,5,Location:735 Arapahoe Ave.,Neighborhood:West of Campus (The Hill),Pets:No Pets,Zoning:4,1850
https://www.bpmco.com/property/835-18th-st/,835 18th St.,4,2,Location:835 18th St.,Neighborhood:West of Campus (The Hill),Pets:No Pets,Zoning:4,4980
https://www.bpmco.com/property/815-32nd-st/,House (815),4,2,Location:815 32nd St.,Neighborhood:East of Campus,Pets:No Pets,Zoning:3,3760
https://www.bpmco.com/property/858-18th-st/,Main (858),4,3,Location:858 18th St.,Neighborhood:West of Campus (The Hill),Pets:Pets,Zoning:MR-E,6625
https://www.bpmco.com/property/825-lee-ave/,825 Lee Ave.,3,1,Location:825 Lee Ave.,Neighborhood:Outside Boulder,Pets:Pets,Zoning:NA,1800
https://www.bpmco.com/property/860-17th-st/,Main (860),4,2,Location:860 17th St.,Neighborhood:West of Campus (The Hill),Pets:No Pets,Zoning:4,4945
https://www.bpmco.com/property/879-19th-st/,House (879),3,1,Location:879 19th St.,Neighborhood:West of Campus (The Hill),Pets:No Pets,Zoning:3,3895
https://www.bpmco.com/property/860-18th-st/,Main (860),4,3,Location:860 18th St.,Neighborhood:West of Campus (The Hill),Pets:No Pets,Zoning:4,4890
https://www.bpmco.com/property/862-17th-st/,Main (862),4,2,Location:862 17th St.,Neighborhood:West of Campus (The Hill),Pets:No Pets,Zoning:4,4735
https://www.bpmco.com/property/880-19th-st/,880 19th St.,2,1,Location:880 19th St.,Neighborhood:West of Campus (The Hill),Pets:No Pets,Zoning:4,2375
https://www.bpmco.com/property/810-20th-st/,Unit #101,2,5,Location:810 20th St.,Neighborhood:West of Campus (The Hill),Pets:No Pets,Zoning:4,2290
https://www.bpmco.com/property/880-33rd-st/,House - (880),3,1,Location:880 33rd Street,Neighborhood:East of Campus,Pets:No Pets,Zoning:3,3175
https://www.bpmco.com/property/881-19th-st/,881 (Main),7,3,Location:881 19th St.,Neighborhood:West of Campus (The Hill),Pets:No Pets,Zoning:7,9100
https://www.bpmco.com/property/896-17th/,896 17th,4,2,Location:896 17th,Neighborhood:West of Campus (The Hill),Pets:No Pets,Zoning:4,5315
https://www.bpmco.com/property/850-19th-st/,House (850),3,1,Location:850 19th St.,Neighborhood:West of Campus (The Hill),Pets:No Pets,Zoning:4,4325
https://www.bpmco.com/property/875-20th-st/,Unit #1,1,1,Location:875 20th St.,Neighborhood:West of Campus (The Hill),Pets:No Pets,Zoning:2-4,1390
https://www.bpmco.com/property/900-morgan-drive/,House (900),3,1,Location:900 Morgan Drive,Neighborhood:East of Campus,Pets:Negotiable,Zoning:3,2790
https://www.bpmco.com/property/811-marine-st/,Unit #1,2,5,Location:811 Marine St.,Neighborhood:West of Campus (The Hill),Pets:No Pets,Zoning:4,2830
https://www.bpmco.com/property/911-broadway-st/,911 Broadway St.,1,1,Location:911 Broadway St.,Neighborhood:West of Campus (The Hill),Pets:No Pets,Zoning:2,1595
https://www.bpmco.com/property/915-university-ave/,Main (915),7,3,Location:915 University Ave.,Neighborhood:West of Campus (The Hill),Pets:No Pets,Zoning:8,4195
https://www.bpmco.com/property/913-broadway-st/,913 Broadway St.,2,1,Location:913 Broadway St.,Neighborhood:West of Campus (The Hill),Pets:Negotiable,Zoning:4,2425
https://www.bpmco.com/property/900-35th/,900 35th,3,5,Location:900 35th St,Neighborhood:East of Campus,Pets:No Pets,Zoning:3,3075
https://www.bpmco.com/property/919-pennsylvania-ave/,Unit #B (Lower),1,1,Location:919 Pennsylvania Ave.,Neighborhood:West of Campus (The Hill),Pets:No Pets,Zoning:2-4,1435
https://www.bpmco.com/property/910-35th/,910 35th,3,5,Location:910 35th St.,Neighborhood:East of Campus,Pets:Pets,Zoning:3,3045
https://www.bpmco.com/property/920-35th/,920 35th,3,5,Location:920 35th St.,Neighborhood:East of Campus,Pets:Pets,Zoning:3,3045
https://www.bpmco.com/property/911-portland-pl/,Unit #01 (911),2,1,Location:911 Portland Pl.,Neighborhood:North of Campus,Pets:No Pets,Zoning:2-3,1595
https://www.bpmco.com/property/946-university-ave/,House (946),3,1,Location:946 University Ave.,Neighborhood:West of Campus (The Hill),Pets:No Pets,Zoning:4,4425
https://www.bpmco.com/property/948-university-ave/,House (948),5,2,Location:948 University Ave.,Neighborhood:West of Campus (The Hill),Pets:No Pets,Zoning:4,6890
https://www.bpmco.com/property/2233-arapahoe-ave/,2233 Arapahoe Ave.,2,1,Location:2233 Arapahoe Ave.,Neighborhood:North of Campus,Pets:Negotiable,Zoning:4,2090
https://www.bpmco.com/property/2297-grove-circle-east/,2297 Grove Circle East,2,1,Location:2297 Grove Circle East,Neighborhood:North of Campus,Pets:Pets,Zoning:HR-E,2530
https://www.bpmco.com/property/2235-arapahoe-ave/,2235 Arapahoe Ave.,2,1,Location:2235 Arapahoe Ave.,Neighborhood:North of Campus,Pets:Negotiable,Zoning:4,2190
https://www.bpmco.com/property/933-portland-pl/,Unit #01 (933),2,1,Location:933 Portland Pl.,Neighborhood:North of Campus,Pets:No Pets,Zoning:2-3,2025
https://www.bpmco.com/property/2350-grape-ave/,House (2350),3,2,Location:2350 Grape Ave,Neighborhood:North of Campus,Pets:No Pets,Zoning:3,3025
https://www.bpmco.com/property/930-14th-st/,Main (930),10,3,Location:930 14th St.,Neighborhood:West of Campus (The Hill),Pets:No Pets,Zoning:9,11250
https://www.bpmco.com/property/2295-grove-circle-east/,2295 Grove Circle East,2,1,Location:2295 Grove Circle East,Neighborhood:North of Campus,Pets:Pets,Zoning:HR-E,2530
https://www.bpmco.com/property/2230-walnut/,Unit #1,2,1,Location:2230 Walnut Ave,Neighborhood:North of Campus,Pets:No Pets,Zoning:4,1925
https://www.bpmco.com/property/2301-pearl-st/,Unit #75 (2301),1,1,Location:2301 Pearl St.,Neighborhood:North of Campus,Pets:No Pets,Zoning:2,1650
https://www.bpmco.com/property/936-university-ave/,House (936 - Front House),6,2,Location:936 University Ave.,Neighborhood:West of Campus (The Hill),Pets:No Pets,Zoning:4,8180
https://www.bpmco.com/property/934-14th-st/,Unit #2,3,2,Location:934 14th St.,Neighborhood:West of Campus (The Hill),Pets:No Pets,Zoning:3,3590
https://www.bpmco.com/property/925-pennsylvania-ave/,House (925),3,1,Location:925 Pennsylvania Ave.,Neighborhood:West of Campus (The Hill),Pets:Negotiable,Zoning:4,4025
https://www.bpmco.com/property/2303-walnut-st/,Unit #1,4,2,Location:2303 Walnut St.,Neighborhood:North of Campus,Pets:No Pets,Zoning:4,4690
https://www.bpmco.com/property/935-broadway/,#205,1,1,Location:935 Braodway #205,Neighborhood:West of Campus (The Hill),Pets:No Pets,Zoning:4,2420
https://www.bpmco.com/property/950-university-ave/,House (950),4,4,Location:950 University Ave.,Neighborhood:West of Campus (The Hill),Pets:No Pets,Zoning:4,6245
https://www.bpmco.com/property/2323-south-st/,Unit #1,4,2,Location:2323 South St.,Neighborhood:North of Campus,Pets:Pets,Zoning:4,4060
https://www.bpmco.com/property/921-roxwood-lane/,921 Roxwood Lane,2,5,Location:921 Roxwood Lane,Neighborhood:East of Campus,Pets:Negotiable,Zoning:4,2495
https://www.bpmco.com/property/615-alpine/,Unit #2,2,1,Location:615 Alpine,Neighborhood:North of Campus,Pets:Negotiable,Zoning:3,1850
https://www.bpmco.com/property/652-dewey-ave/,House (652),3,2,Location:652 Dewey Ave,Neighborhood:North of Campus,Pets:No Pets,Zoning:3,3135
https://www.bpmco.com/property/605-s40th-st/,House (605),5,5,Location:605 S. 40th St.,Neighborhood:South of Campus,Pets:No Pets,Zoning:3,3895
https://www.bpmco.com/property/709-18th-street/,House (709),5,3,Location:709 18th Street,Neighborhood:West of Campus (The Hill),Pets:No Pets,Zoning:4,6495
https://www.bpmco.com/property/710-32nd-street/,710 32nd,4,2,Location:710 23rd St,Neighborhood:East of Campus,Pets:Pets,Zoning:RL-1,3440
https://www.bpmco.com/property/5358-pennsylvania-ave/,5358 Penn,3,2,Location:5358 Pennsylvania Ave,Neighborhood:East of Campus,Pets:Negotiable,Zoning:4,3235
https://www.bpmco.com/property/5354-pennsylvania-ave/,5354 Penn,3,2,Location:5354 Pennsylvania Ave,Neighborhood:East of Campus,Pets:Negotiable,Zoning:4,3235
https://www.bpmco.com/property/645-arapahoe-ave/,House (645 Arapahoe Ave.),4,5,Location:645 Arapahoe Ave,Neighborhood:North of Campus,Pets:Negotiable,Zoning:2 or 4,3705
https://www.bpmco.com/property/gregory-creek-apartments-725-arapahoe-ave/,Unit #102,2,5,Location:725 Arapahoe Ave.,Neighborhood:West of Campus (The Hill),Pets:No Pets,Zoning:4,2300
https://www.bpmco.com/property/5550-pennsylvania/,unit #1,3,5,Location:5550 Pennsylvania,Neighborhood:East of Campus,Pets:Negotiable,Zoning:3,2875
https://www.bpmco.com/property/765-33rd-st/,House (765),3,5,Location:765 33rd St.,Neighborhood:East of Campus,Pets:No Pets,Zoning:3,2975
https://www.bpmco.com/property/765-31st-street/,765 31st Street,4,5,Location:,Neighborhood:East of Campus,Pets:No Pets,Zoning:3,3940
https://www.bpmco.com/property/801-19th/,801 19th,4,2,Location:801 19th St.,Neighborhood:West of Campus (The Hill),Pets:No Pets,Zoning:4,5710
https://www.bpmco.com/property/802-18th-st/,House (802),5,2,Location:802 18th St.,Neighborhood:West of Campus (The Hill),Pets:No Pets,Zoning:4,6375
https://www.bpmco.com/property/780-18th-st/,780 18th St.,4,2,Location:780 18th St.,Neighborhood:West of Campus (The Hill),Pets:No Pets,Zoning:4,4740
https://www.bpmco.com/property/2340-south-st/,Unit #101,2,1,Location:2340 South St.,Neighborhood:North of Campus,Pets:No Pets,Zoning:4,1645
https://www.bpmco.com/property/782-18th-st/,782 18th St. (main),6,2,Location:782 18th St.,Neighborhood:West of Campus (The Hill),Pets:Pets,Zoning:6,7120
https://www.bpmco.com/property/gregory-creek-apartments-765-arapahoe-ave/,Unit #102,2,5,Location:765 Arapahoe Ave.,Neighborhood:West of Campus (The Hill),Pets:No Pets,Zoning:4,1850
https://www.bpmco.com/property/1405-19th-st/,1405 19th St.,4,2,Location:1405 19th St.,Neighborhood:East of Campus,Pets:Pets,Zoning:HR-E,4400
https://www.bpmco.com/property/1403-19th-st/,1403 19th St.,4,2,Location:1403 19th St.,Neighborhood:North of Campus,Pets:No Pets,Zoning:4,4680
https://www.bpmco.com/property/785-20th-street/,Unit #2,1,1,Location:785 20th Street,Neighborhood:West of Campus (The Hill),Pets:No Pets,Zoning:2-4,1600
https://www.bpmco.com/property/1431-18th-st/,Unit #2,2,1,Location:1431 18th St.,Neighborhood:North of Campus,Pets:No Pets,Zoning:4,2200
https://www.bpmco.com/property/765-20th-street/,Unit #2,1,1,Location:765 20th Street,Neighborhood:West of Campus (The Hill),Pets:No Pets,Zoning:2-4,1600
https://www.bpmco.com/property/1401-19th-st/,1401 19th St.,4,2,Location:1401 19th St.,Neighborhood:North of Campus,Pets:No Pets,Zoning:4,4780
https://www.bpmco.com/property/gregory-creek-apartments-755-arapahoe-ave/,Unit #102,2,5,Location:755 Arapahoe Ave.,Neighborhood:West of Campus (The Hill),Pets:No Pets,Zoning:4,2300
https://www.bpmco.com/property/1603-arapahoe/,House (1603),4,2,Location:1603 Arapahoe,Neighborhood:North of Campus,Pets:Negotiable,Zoning:4,4995
https://www.bpmco.com/property/1512-16th-st/,House (1512),3,2,Location:1512 16th St.,Neighborhood:North of Campus,Pets:Negotiable,Zoning:4,3415
https://www.bpmco.com/property/1407-19th-st/,1407 19th St.,4,2,Location:1407 19th St.,Neighborhood:North of Campus,Pets:No Pets,Zoning:4,4400
https://www.bpmco.com/property/1509-23rd-st/,Unit #1,2,5,Location:1509 23rd St.,Neighborhood:North of Campus,Pets:No Pets,Zoning:4,2390
https://www.bpmco.com/property/1139-monroe-dr/,Unit #A,3,2,Location:1139 Monroe Dr.,Neighborhood:East of Campus,Pets:Pets,Zoning:4,3135
https://www.bpmco.com/property/1235-albion-rd/,1235 Albion Rd,4,2,Location:1235 Albion Rd,Neighborhood:South of Campus,Pets:Negotiable,Zoning:3,4135
https://www.bpmco.com/property/1567-9th-st/,Unit #1,1,1,Location:1567 9th St,Neighborhood:West of Campus (The Hill),Pets:Negotiable,Zoning:4,1860
https://www.bpmco.com/property/1270-albion-rd/,House (1270),4,2,Location:1270 Albion Rd.,Neighborhood:South of Campus,Pets:Negotiable,Zoning:3,3940
https://www.bpmco.com/property/1325-19th-st/,House (1325),4,5,Location:1325 19th St.,Neighborhood:North of Campus,Pets:No Pets,Zoning:4,3775
https://www.bpmco.com/property/1308-grandview-ave/,General,10,3,Location:1308 Grandview Ave,Neighborhood:West of Campus (The Hill),Pets:No Pets,Zoning:10,13495
https://www.bpmco.com/property/1395-19th-st/,Unit #3,2,5,Location:1395 19th St.,Neighborhood:North of Campus,Pets:No Pets,Zoning:4,1995
https://www.bpmco.com/property/955-17th-street/,Unit # 02,2,1,Location:955 17th St.,Neighborhood:West of Campus (The Hill),Pets:No Pets,Zoning:4,1995
https://www.bpmco.com/property/1145-pennsylvania-ave/,Unit #11,2,2,Location:1145 Pennsylvania Ave.,Neighborhood:West of Campus (The Hill),Pets:No Pets,Zoning:1-2,2630
https://www.bpmco.com/property/1305-euclid-ave/,Unit #A,1,1,Location:1305 Euclid Ave.,Neighborhood:West of Campus (The Hill),Pets:No Pets,Zoning:2-4,1695
https://www.bpmco.com/property/963-marine-st/,Unit #5,1,1,Location:963 Marine St.,Neighborhood:West of Campus (The Hill),Pets:No Pets,Zoning:2-4,1515
https://www.bpmco.com/property/1203-pennsylvania-ave/,Unit #4,1,1,Location:1203 Pennsylvania Ave.,Neighborhood:West of Campus (The Hill),Pets:No Pets,Zoning:2-4,1750
https://www.bpmco.com/property/967-14th-st/,967 14th St.,9,5,Location:,Neighborhood:West of Campus (The Hill),Pets:No Pets,Zoning:9,12825
https://www.bpmco.com/property/990-14th-st/,House (990),6,3,Location:990 14th St.,Neighborhood:West of Campus (The Hill),Pets:No Pets,Zoning:3,7790
https://www.bpmco.com/property/952-university-ave/,House (952),5,2,Location:952 University Ave.,Neighborhood:West of Campus (The Hill),Pets:No Pets,Zoning:4,6845
https://www.bpmco.com/property/995-30th-street/,Unit #C,2,1,Location:995 30th St.,Neighborhood:East of Campus,Pets:Negotiable,Zoning:2-4,1995
https://www.bpmco.com/property/4415-laguna-pl/,Unit #208 (4415),3,3,Location:4415 Laguna Pl.,Neighborhood:East of Campus,Pets:Pets,Zoning:RH-4,2895
https://www.bpmco.com/property/4405-moorhead-ave/,House (4405),4,2,Location:4405 Moorhead Ave,Neighborhood:South of Campus,Pets:No Pets,Zoning:3,3350
https://www.bpmco.com/property/955-marine-st/,Unit #2,1,1,Location:955 Marine St.,Neighborhood:West of Campus (The Hill),Pets:No Pets,Zoning:2-4,1560
https://www.bpmco.com/property/4707-qualla-dr/,4707 Qualla Dr.,5,5,Location:4707 Qualla Dr.,Neighborhood:East of Campus,Pets:No Pets,Zoning:4,4725
https://www.bpmco.com/property/4780-franklin-drive/,4780 Franklin Drive,2,5,Location:4780 Franklin Drive,Neighborhood:North of Campus,Pets:No Pets,Zoning:4,2625
https://www.bpmco.com/property/4705-qualla-dr/,4705 Qualla Dr.,5,5,Location:4705 Qualla Dr.,Neighborhood:East of Campus,Pets:No Pets,Zoning:4,4725
https://www.bpmco.com/property/4635-moorhead-ave/,House (4635),4,2,Location:4635 Moorhead Ave.,Neighborhood:South of Campus,Pets:Negotiable,Zoning:3,4140
https://www.bpmco.com/property/4955-moorhead-ave/,Unit #10,1,1,Location:4955 Moorhead Ave.,Neighborhood:South of Campus,Pets:No Pets,Zoning:2,1395
https://www.bpmco.com/property/450-s-42nd-st/,House (450),6,3,Location:450 S. 42nd St.,Neighborhood:South of Campus,Pets:Cats Negotiable,Zoning:3,5610
https://www.bpmco.com/property/470-s-38th-st/,House (470),4,5,Location:470 S. 38th St.,Neighborhood:South of Campus,Pets:Negotiable,Zoning:3,3390
https://www.bpmco.com/property/2140-floral-dr/,House (2140),3,1,Location:2140 Floral Dr.,Neighborhood:North of Campus,Pets:Negotiable,Zoning:3,2845
https://www.bpmco.com/property/2152-goss-st/,House (2152),4,2,Location:2152 Goss St.,Neighborhood:North of Campus,Pets:Negotiable,Zoning:4,4980
https://www.bpmco.com/property/2044-grove-st/,House (2044),3,1,Location:2044 Grove St.,Neighborhood:North of Campus,Pets:Negotiable,Zoning:4,3420
https://www.bpmco.com/property/2103-grove-circle-west/,Cottage - Unit #B (2103 1/2),1,1,Location:2103 Grove St.,Neighborhood:North of Campus,Pets:Negotiable,Zoning:4,1995
https://www.bpmco.com/property/2138-grove-st/,House (2138),3,2,Location:2138 Grove St.,Neighborhood:North of Campus,Pets:Pets,Zoning:4,3225
https://www.bpmco.com/property/2146-goss-circle-west/,Unit #1,2,1,Location:2146 Goss Circle West,Neighborhood:North of Campus,Pets:No Pets,Zoning:4,1955
https://www.bpmco.com/property/2040-canyon-blvd/,Unit #01,1,1,Location:2040 Canyon Blvd.,Neighborhood:North of Campus,Pets:No Pets,Zoning:2-4,1395
https://www.bpmco.com/property/3355-stanford-ave/,3355 Stanford Ave,4,2,Location:3355 Stanford Ave,Neighborhood:South of Campus,Pets:Negotiable,Zoning:4,3920
https://www.bpmco.com/property/2030-spruce-st/,Unit #01,2,1,Location:2030 Spruce St.,Neighborhood:North of Campus,Pets:No Pets,Zoning:4,1950
https://www.bpmco.com/property/320-29th-st/,House (320),3,1,Location:320 29th St.,Neighborhood:South of Campus,Pets:No Pets,Zoning:3,2895
https://www.bpmco.com/property/2156-grove-circle-west/,Unit #1,1,1,Location:2156 Grove Circle West,Neighborhood:North of Campus,Pets:No Pets,Zoning:2 or 4,1345
https://www.bpmco.com/property/3357-stanford-ave/,3357 Stanford Ave,4,2,Location:3357 Stanford Ave,Neighborhood:South of Campus,Pets:Negotiable,Zoning:4,3920
https://www.bpmco.com/property/2207-baseline-rd/,Unit #03,1,1,Location:2207 Baseline Rd.,Neighborhood:West of Campus (The Hill),Pets:No Pets,Zoning:2-4,1350
https://www.bpmco.com/property/3695-madison-ave/,House (3695),4,2,Location:3695 Madison Ave.,Neighborhood:East of Campus,Pets:No Pets,Zoning:3,4340
https://www.bpmco.com/property/330-29th-st/,House (330),3,2,Location:330 29th St.,Neighborhood:South of Campus,Pets:Cats Negotiable,Zoning:3,3525
https://www.bpmco.com/property/3565-moorhead-ave/,House (3565),4,2,Location:3565 Moorhead Ave,Neighborhood:South of Campus,Pets:Cats Negotiable,Zoning:3,3900
https://www.bpmco.com/property/3485-hayden-place/,Unit #1,1,1,Location:3485 Hayden Place,Neighborhood:North of Campus,Pets:Negotiable,Zoning:4,1345
https://www.bpmco.com/property/1091-sycamore-ave/,1091 Sycamore,2,2,Location:1091 Sycamore Ave,Neighborhood:East of Campus,Pets:Pets,Zoning:4,2420
https://www.bpmco.com/property/3393-madison-ave/,Unit #W229,1,1,Location:3393 Madison Ave,Neighborhood:East of Campus,Pets:No Pets,Zoning:4,1495
https://www.bpmco.com/property/3515-hayden-pl/,Unit #2,1,1,Location:3515 Hayden Pl.,Neighborhood:North of Campus,Pets:Negotiable,Zoning:4,1345
https://www.bpmco.com/property/1115-35th-st/,Unit #D,3,5,Location:1115 35th St,Neighborhood:East of Campus,Pets:No Pets,Zoning:4,2535
https://www.bpmco.com/property/meadows-apartments-boulder-4440-laguna-pl/,Unit #104,1,1,Location:4440 Laguna Pl.,Neighborhood:East of Campus,Pets:Negotiable,Zoning:2-4,1495
https://www.bpmco.com/property/1093-10th-street/,House (1093),4,5,Location:1093 10th Street,Neighborhood:West of Campus (The Hill),Pets:No Pets,Zoning:3,5635
https://www.bpmco.com/property/1128-lincoln-pl/,House (1128),4,3,Location:1128 Lincoln Pl.,Neighborhood:West of Campus (The Hill),Pets:No Pets,Zoning:4,5400
https://www.bpmco.com/property/1130-12-12th-st/,1130 1/2 12th St.,2,5,Location:1130 1/2 12th St.,Neighborhood:West of Campus (The Hill),Pets:No Pets,Zoning:4,3190
https://www.bpmco.com/property/1130-12th-st/,Unit #3,2,1,Location:1130 12th St.,Neighborhood:West of Campus (The Hill),Pets:No Pets,Zoning:4,2645
https://www.bpmco.com/property/3725-moorhead-ave/,House (3725),5,3,Location:3725 Moorhead Ave.,Neighborhood:South of Campus,Pets:No Pets,Zoning:3,4600
https://www.bpmco.com/property/1138-12th-st/,Unit #2,3,1,Location:1138 12th St.,Neighborhood:West of Campus (The Hill),Pets:No Pets,Zoning:4,3945
https://www.bpmco.com/property/3805-moorhead-ave/,House (3805),4,2,Location:3805 Moorhead Ave.,Neighborhood:South of Campus,Pets:Negotiable,Zoning:3,4140
https://www.bpmco.com/property/1105-11th-st/,Unit #01,3,1,Location:1105 11th St.,Neighborhood:West of Campus (The Hill),Pets:No Pets,Zoning:3-4,4325
https://www.bpmco.com/property/4235-moorhead-ave/,House (4235),5,3,Location:4235 Moorhead Ave.,Neighborhood:South of Campus,Pets:No Pets,Zoning:3,4625
https://www.bpmco.com/property/3977-fuller-court/,House (3977),3,2,Location:3977 Fuller Court,Neighborhood:South of Campus,Pets:Pets,Zoning:3,3375
https://www.bpmco.com/property/1125-grandview-ave/,Unit #03,1,1,Location:1125 Grandview Ave.,Neighborhood:West of Campus (The Hill),Pets:No Pets,Zoning:1-4,1575
https://www.bpmco.com/property/3865-moorhead-ave/,House (3865),5,3,Location:3865 Moorhead Ave.,Neighborhood:South of Campus,Pets:No Pets,Zoning:3,4600
https://www.bpmco.com/property/3850-broadway-22/,3850 Broadway #22,3,5,Location:3850 Broadway #22,Neighborhood:North of Campus,Pets:Negotiable,Zoning:4,3150
https://www.bpmco.com/property/private-4-bedroom-home-south-boulder-385-martin-dr/,House (385),4,1,Location:385 Martin Dr.,Neighborhood:South of Campus,Pets:No Pets,Zoning:3,3740
https://www.bpmco.com/property/4020-new-haven-ct/,4020 New Haven Ct.,5,4,Location:4020 New Haven Ct.,Neighborhood:North of Campus,Pets:Negotiable,Zoning:3,4490
https://www.bpmco.com/property/426-saint-ida-circle/,426 Saint Ida Circle,4,3,Location:426 Saint Ida Circle,Neighborhood:Outside Boulder,Pets:Pets,Zoning:,3390
https://www.bpmco.com/property/1000-aurora-ave/,House (1000 Aurora),5,3,Location:1000 Aurora Ave.,Neighborhood:West of Campus (The Hill),Pets:No Pets,Zoning:6,6125
https://www.bpmco.com/property/3440-colorado-ave/,Unit #101,1,1,Location:3440 Colorado Ave.,Neighborhood:East of Campus,Pets:Negotiable,Zoning:2-4,1325
https://www.bpmco.com/property/1008-marine-st/,Unit #5,1,1,Location:1008 Marine St.,Neighborhood:West of Campus (The Hill),Pets:No Pets,Zoning:4,1745
https://www.bpmco.com/property/1005-12th-street/,Unit #101,4,4,Location:1005 12th Street,Neighborhood:West of Campus (The Hill),Pets:No Pets,Zoning:4,6695
https://www.bpmco.com/property/1018-marine-st/,Unit #3,1,1,Location:1018 Marine St.,Neighborhood:West of Campus (The Hill),Pets:No Pets,Zoning:4,1700
https://www.bpmco.com/property/1025-sycamore-ave/,1025 Sycamore Ave,3,5,Location:1025 Sycamore,Neighborhood:East of Campus,Pets:Negotiable,Zoning:4,2290
https://www.bpmco.com/property/1026-pine-st/,1026 1/2 Pine St.,2,1,Location:1026 Pine St.,Neighborhood:North of Campus,Pets:Cats Negotiable,Zoning:4,2150
https://www.bpmco.com/property/3992-fuller-court/,House (3992),3,5,Location:3992 Fuller Court,Neighborhood:South of Campus,Pets:Negotiable,Zoning:3,3145
https://www.bpmco.com/property/1028-pine-st/,1028 1/2 Pine St.,2,1,Location:1028 Pine St.,Neighborhood:North of Campus,Pets:Cats Negotiable,Zoning:4,1895
https://www.bpmco.com/property/1100-28th-st/,Unit #04,1,1,Location:1100 28th St.,Neighborhood:East of Campus,Pets:Cats Negotiable,Zoning:2-4,1510
https://www.bpmco.com/property/1071-13th-st/,1071 13th St.,1,1,Location:1071 13th St.,Neighborhood:West of Campus (The Hill),Pets:Cats Negotiable,Zoning:4,1775
https://www.bpmco.com/property/1038-14th-st/,1038 14th St.,2,5,Location:1038 14th St.,Neighborhood:West of Campus (The Hill),Pets:No Pets,Zoning:2,2590
https://www.bpmco.com/property/1034-spruce-st/,Unit #2,2,1,Location:1034 Spruce St.,Neighborhood:North of Campus,Pets:Cats Negotiable,Zoning:1-4,2075
https://www.bpmco.com/property/1036-14th-st/,Unit #3,1,1,Location:1036 14th St.,Neighborhood:West of Campus (The Hill),Pets:No Pets,Zoning:2,1745
https://www.bpmco.com/property/1073-13th-st/,Unit #A,2,1,Location:1073 13th St.,Neighborhood:West of Campus (The Hill),Pets:Cats Negotiable,Zoning:4,3145
https://www.bpmco.com/property/1067-sycamore-ave/,1067 Sycamore,3,2,Location:1067 Sycamore,Neighborhood:East of Campus,Pets:Pets,Zoning:4,2925
https://www.bpmco.com/property/1053-12th-st/,1053 12th Street,5,2,Location:1053 12th St.,Neighborhood:West of Campus (The Hill),Pets:No Pets,Zoning:4,6975
https://www.bpmco.com/property/1090-lincoln-place/,1090 (upper),7,3,Location:1090 Lincoln Place,Neighborhood:West of Campus (The Hill),Pets:No Pets,Zoning:7,9765
https://www.bpmco.com/property/1089-sycamore-ave/,1089 Sycamore,2,2,Location:1089 Sycamore Ave,Neighborhood:East of Campus,Pets:Pets,Zoning:4,2420
https://www.bpmco.com/property/1040-14th-st/,1040 14th St.,7,2,Location:1040 14th St.,Neighborhood:West of Campus (The Hill),Pets:No Pets,Zoning:6,8750
https://www.bpmco.com/property/1087-sycamore-ave/,1087 Sycamore,3,2,Location:,Neighborhood:East of Campus,Pets:Pets,Zoning:4,2925
https://www.bpmco.com/property/1020-13th-st/,Unit #01,1,1,Location:1020 13th St.,Neighborhood:West of Campus (The Hill),Pets:No Pets,Zoning:2,1635
https://www.bpmco.com/property/3005-moorhead-ave/,House (3005),3,1,Location:3005 Moorhead Ave.,Neighborhood:South of Campus,Pets:Negotiable,Zoning:3,3910
https://www.bpmco.com/property/3165-dentonave/,3165 Denton,3,5,Location:3165 Denton,Neighborhood:East of Campus,Pets:Negotiable,Zoning:3,2940
https://www.bpmco.com/property/1085-marine-st/,Unit #7,1,1,Location:1085 Marine St.,Neighborhood:West of Campus (The Hill),Pets:No Pets,Zoning:2-4,1575
https://www.bpmco.com/property/315-saint-ida/,House (315),4,5,Location:315 Saint Ida,Neighborhood:Outside Boulder,Pets:Negotiable,Zoning:N/A,3390
https://www.bpmco.com/property/3035-denton-ave/,3035 Denton Ave,3,2,Location:3035 Denton Ave,Neighborhood:East of Campus,Pets:No Pets,Zoning:3,2700
https://www.bpmco.com/property/3009-madison-ave/,Building I - Unit #308,1,1,Location:3009 Madison Ave.,Neighborhood:East of Campus,Pets:No Pets,Zoning:2,1615
https://www.bpmco.com/property/3153-broadway-st/,3153 Broadway St,2,1,Location:3153 Broadway St,Neighborhood:North of Campus,Pets:Negotiable,Zoning:3,2725
https://www.bpmco.com/property/3155-arnett-st/,Unit #101,2,1,Location:3155 Arnett St.,Neighborhood:North of Campus,Pets:Pets,Zoning:4,1825
https://www.bpmco.com/property/3161-madison-ave/,Unit #O202,2,5,Location:3161 Madison Ave,Neighborhood:East of Campus,Pets:No Pets,Zoning:4,2315
https://www.bpmco.com/property/3075-broadway-st/,Unit #A,1,1,Location:3075 Broadway St.,Neighborhood:North of Campus,Pets:Cats Negotiable,Zoning:2-4,1275
https://www.bpmco.com/property/3150-madison-ave/,Unit 2,1,1,Location:3150 Madison Ave,Neighborhood:East of Campus,Pets:No Pets,Zoning:2-4,1475
